{"cameraMode":{"drawMode":0,"name":"Shaded","section":"Shading Mode"},"sceneLighting":true,"audioPlay":false,"sceneViewState":{"showFog":true,"showMaterialUpdate":false,"showSkybox":true,"showFlares":true,"showImageEffects":true,"showParticleSystems":true},"in2DMode":false,"pivot":{"x":415.40814208984377,"y":209.22792053222657,"z":-134.9981231689453},"rotation":{"x":-0.025472011417150499,"y":-0.04437830671668053,"z":0.0011318122269585729,"w":-0.9986890554428101},"size":139.4232177734375,"orthographic":false}